"fittingattempt","dataset","K","betaNL","gammaNL","KNL","betaDD","gammaDD","betaFD","gammaFD","lik","conv","likDD","convDD","likFD","convFD","truebeta"
1,1,1,0.00750638237226581,2.10070948586847e-22,2.87582999926585e-06,2373.92761929061,0.0764417155449738,0.740634193488148,0.0955009556218785,1883.13521570663,0,605.579154674702,0,648.036475109964,0,0.001
2,1,1,0.740768215120371,0.0955500125653948,1.16489897265294e-05,4.50021384116624e-23,2.50627310488559e-17,0.740741360220623,0.0955424603641178,648.028700648929,0,1917.3140704879,0,648.036101569235,0,0.001
3,1,1,0.00751039313861976,1.10546156766529e-14,1.25648874002982e-07,0.00100455873559775,0.0983643615254281,0.74041202884667,0.0956200033249551,1883.13516044739,0,148.018504139826,0,648.036689090608,0,0.001
4,1,1,0.740678314798189,0.0955500796324943,1.75847937873817e-10,3.63849030266206e-06,9.26868023530081e-08,0.740606744232808,0.0955712075675939,648.036093739859,0,1908.10987736172,0,648.036135289752,0,0.001
5,1,1,0.00751094352400316,8.47347832221864e-45,2.60218224316157e-08,3.63844087395336e-06,3.10368939028209e-08,0.740684937156163,0.0955652195537238,1883.13515948812,0,1908.10956780295,0,648.036092839049,0,0.001
6,1,1,0.739621204779349,0.0955639002146146,0.000230566320522304,0.00100470925943092,0.098421028172942,0.74093819948808,0.0955124452788428,647.889691216548,0,148.018573970266,0,648.036354446578,0,0.001
7,1,1,0.734222585742485,0.0955915263220238,0.00133351120926576,103634.766080939,0.0764497226468056,0.740612978853344,0.0955909091951265,647.191697595184,0,605.578702749289,0,648.036230333778,0,0.001
8,1,1,0.740785810951882,0.0955516274680015,6.49261729121007e-11,12994.7069383359,0.0764277251328716,0.740930948042697,0.0955959820440921,648.036087513343,0,605.578879802476,0,648.036381634029,0,0.001
9,1,1,0.00079810040873219,0.0966671758015497,1.04093508196204,7628.39334132756,0.0764651903808452,0.740682453848965,0.0955668436076391,147.4127358826,0,605.578671569154,0,648.036096480372,0,0.001
10,1,1,0.000797926734098024,0.0966473249037542,1.04100469304014,2.89163854115888e-32,2.25234235242232e-18,0.740725694291749,0.0955714153924508,147.412742464269,0,1917.3140704879,0,648.036105015539,0,0.001
11,1,1,0.000797613962398798,0.0966639172264729,1.04104481595737,3.65495034622793e-06,1.27182775267898e-07,0.740643256610771,0.0955390297836678,147.412738556252,0,1908.1099889554,0,648.036141201609,0,0.001
12,1,1,0.740780641579992,0.0955548452119013,2.05952859440779e-07,3.66232820981941e-06,3.36077643354753e-08,0.740677103268549,0.0955279789992195,648.03595424445,0,1908.10964108376,0,648.036186272385,0,0.001
13,1,1,0.00751290309979623,8.63532428641937e-24,5.39391902810173e-07,0.00100455492581625,0.098395799122928,0.740841914827137,0.095556941551774,1883.13517498142,0,148.01842933527,0,648.036107243118,0,0.001
14,1,1,0.740485048877887,0.0955466587992889,7.44367079343373e-05,1.19348322892477e-22,1.05188868869019e-19,0.74042560327746,0.0955849800114923,647.98883372721,0,1917.3140704879,0,648.036359023582,0,0.001
15,1,1,0.740653011471774,0.0955531767601729,4.02622073399714e-06,3.63293112223316e-06,6.9935723787762e-07,0.740524268214626,0.0955327350151033,648.0335338366,0,1908.1130602091,0,648.036270919647,0,0.001
16,1,1,0.000797444398192097,0.0966595360568633,1.04110188438046,67275.9013070646,0.0764600763006427,0.740905689627814,0.0955127330152605,147.412728646736,0,605.578696716222,0,648.036329501546,0,0.001
17,1,1,0.740771887989611,0.0955517364113498,2.02185831418008e-21,965.125290762368,0.0764371037206413,0.740598978102776,0.0955237546549018,648.036084888992,0,605.579631711376,0,648.036263860515,0,0.001
18,1,1,0.00750759210639806,9.89512269002674e-20,1.97004999251859e-07,27062.3628114034,0.0764769613994215,0.740668322575983,0.0955756525599317,1883.13516498011,0,605.578784085389,0,648.036126580607,0,0.001
19,1,1,0.00750774888129759,4.58001886056909e-26,1.11738832448375e-06,7138.46466489006,0.0764404949886022,0.74056582500315,0.0955420036102495,1883.13518022406,0,605.578531835476,0,648.036182325424,0,0.001
20,1,1,0.00751361321696248,3.56707031504655e-06,6.30734273522472e-06,5617.30050893475,0.0764233469263614,0.740963883312187,0.095554336761114,1883.13489281943,0,605.578954295738,0,648.036202007054,0,0.001
1,2,1,0.00733009535966367,1.47870504909015e-09,5.32552500877017e-07,46992.669071682,0.0768792309460464,0.749791172655197,0.0972759526960487,1925.21010452727,0,600.921748963273,0,648.688113661567,0,0.001
2,2,1,0.00732599291929011,2.78985805169485e-13,4.23745917593415e-06,0.000991187407644756,0.0975215187468361,0.750050151513441,0.0971937990342774,1925.21015970752,0,137.913253568991,0,648.687636103959,0,0.001
3,2,1,0.749897694482311,0.0971975024380375,1.05251975242459e-10,0.000990737962494999,0.0975439026398961,0.749925320001972,0.0971850118660511,648.687563119246,0,137.913339350452,0,648.68759589789,0,0.001
4,2,1,0.749884580376632,0.0972107734557478,2.32755430998255e-18,883.00608023164,0.0768731305290041,0.750010242623776,0.0972346303983282,648.687566440638,0,600.922965769578,0,648.687730263636,0,0.001
5,2,1,0.00733323097123616,9.96997745510751e-31,4.30467970308817e-07,17255.3918216603,0.0768375704730673,0.749502274618079,0.0971643472224529,1925.21010759868,0,600.921947408958,0,648.688085819301,0,0.001
6,2,1,0.000948271699525832,0.0972261510741117,1.00785931350496,3.86304377890722e-06,5.93276041500396e-08,0.74981537053076,0.0971928315907788,137.889501135571,0,1946.85128440548,0,648.687578521411,0,0.001
7,2,1,0.00732829030089758,1.10709446732512e-08,2.43271303937764e-06,3.8709254918567e-06,7.40788987354564e-08,0.749672741091911,0.0972183241506675,1925.21012774829,0,1946.8515628311,0,648.687659587094,0,0.001
8,2,1,0.000947391391741123,0.0972301691361286,1.00803987779671,4165.46863079053,0.0769034141484083,0.749642038025281,0.0971922963277902,137.889520979389,0,600.922264042293,0,648.687699356638,0,0.001
9,2,1,0.748823721555331,0.0972093667539685,0.000198680177011865,2.33441846964265e-25,1.78391497050849e-19,0.750073249525435,0.0971982210764018,648.555798921736,0,1957.36319431263,0,648.687653007921,0,0.001
10,2,1,0.749894172432913,0.0972025849296108,2.7097340460576e-10,3.87786332175692e-06,1.23278311220475e-07,0.749659578101731,0.0971813002998986,648.687560088752,0,1946.85206034548,0,648.687728379392,0,0.001
11,2,1,0.00733758492801734,2.48958944707941e-07,3.15581048803276e-06,0.000991090504084243,0.0975478565601366,0.750012220238912,0.0972259140463785,1925.21014024596,0,137.913147016985,0,648.687675994284,0,0.001
12,2,1,0.749853806037724,0.0971997692595823,2.58992114500569e-07,253.645995632476,0.0769017019875504,0.750396459174586,0.0971593021891953,648.687388657232,0,600.926591644629,0,648.688302612487,0,0.001
13,2,1,0.749840835538208,0.0972103896521566,1.77323672250312e-06,1472.69106850714,0.0768775357534199,0.749952661741685,0.0971418170857664,648.686388349889,0,600.922699878851,0,648.687949608581,0,0.001
14,2,1,0.749902848519929,0.097191694917912,2.09214521120527e-11,0.000991352877781405,0.0975612639544165,0.74993114000596,0.097160970899096,648.6875732245,0,137.913161847549,0,648.687743443275,0,0.001
15,2,1,0.00733409581363566,3.45280004010389e-11,3.70032218774859e-07,0.000991163982966072,0.0975374886132823,0.750082042182682,0.0971997257988149,1925.2101106612,0,137.913163030183,0,648.687661360815,0,0.001
16,2,1,0.744934412116691,0.0971571335929721,0.00104009413489861,3.87512767901706e-06,2.34530310246751e-07,0.749951178092917,0.0972141412379905,647.999229980558,0,1946.85244038457,0,648.68759162013,0,0.001
17,2,1,0.749604905756649,0.0972102821333725,5.10826793845863e-05,4039057.24071102,0.0768715979802624,0.749550606926491,0.0972397915535687,648.653672250526,0,600.921493150583,0,648.68788592342,0,0.001
18,2,1,0.749822536398198,0.097201278157563,1.32872973264593e-30,10076846.4700157,0.076859955795203,0.749700224143533,0.0972181323775781,648.687564384254,0,600.92169343055,0,648.687637852581,0,0.001
19,2,1,0.00733116432238697,7.55660145209473e-92,9.66700429717406e-07,4.32750543846539e-29,3.6169820258123e-19,0.750003487453841,0.0971942451050311,1925.21010896737,0,1957.36319431263,0,648.68760346982,0,0.001
20,2,1,0.748943014892371,0.0971980139918369,0.000189179493723067,3.86167845786111e-06,3.62898979766466e-08,0.749691517834191,0.0972406742078875,648.562083712672,0,1946.85115500061,0,648.687753759213,0,0.001
1,3,1,0.753894579254396,0.0973587445543389,7.99154949573228e-06,6058.78763365003,0.0770023521250579,0.754148789411149,0.0973578645076889,655.250371320779,0,619.441381826959,0,655.256077649286,0,0.001
2,3,1,0.00749269198985097,1.0245243643485e-09,1.78801433472071e-06,4.50179787793819e-22,5.32980684510942e-19,0.753730811292563,0.0973751246708513,2033.89196366958,0,2067.86084316978,0,655.256192886084,0,0.001
3,3,1,0.753928752162809,0.0973455703295684,7.78609636353496e-08,0.000998825262982932,0.0959505051818095,0.754235009864006,0.0973696757463787,655.255948126939,0,146.663955561702,0,655.256217815522,0,0.001
4,3,1,0.00748575506456557,2.07910089720055e-12,5.23379459792178e-06,6.43029391787665e-22,2.69076682487068e-17,0.753885250698037,0.0973217514162065,2033.89201596004,0,2067.86084316978,0,655.256094479579,0,0.001
5,3,1,0.753922029578201,0.0973561953350535,4.1850527344341e-08,4.109477677414e-06,2.83144680866806e-09,0.754161517180223,0.0973708151127318,655.255981785274,0,2055.60976334072,0,655.256145334201,0,0.001
6,3,1,0.75375431907172,0.0973395120696414,3.73680405919892e-05,0.000998700520167339,0.0959612001592623,0.754057353464657,0.0973305307140055,655.229624730864,0,146.664073643515,0,655.256030512475,0,0.001
7,3,1,0.753968757915079,0.0973541228546942,6.68444311142957e-09,17501.450295696,0.0770450997738836,0.754075628822457,0.0973595816505723,655.255996568413,0,619.440558631062,0,655.256036471812,0,0.001
8,3,1,0.753994796330577,0.0973492511184277,3.48026590615173e-06,1.181890859446e-28,2.58007412308748e-22,0.75392412037064,0.0973299865535241,655.253540782755,0,2067.86084316978,0,655.256037901337,0,0.001
9,3,1,0.753987491149574,0.0973541519866311,8.34732920749576e-09,28295.5370462629,0.0770597234975167,0.754082615938754,0.0973162278960224,655.255995445722,0,619.440444898069,0,655.256103152129,0,0.001
10,3,1,0.753907770187016,0.0973499978566761,1.68122347427732e-06,4.0850533356018e-06,2.42939703765654e-08,0.754170372270813,0.0973579103017383,655.254819475481,0,2055.60981172792,0,655.25609608237,0,0.001
11,3,1,0.753950630616634,0.0973402804004759,0,4.11117260955783e-06,1.44735547942521e-07,0.753950454557402,0.0973144348540277,655.256003624521,0,2055.61043892453,0,655.256112803836,0,0.001
12,3,1,0.00749772595777187,2.35619649100152e-47,1.09764606585186e-06,4132.47167792502,0.0770686747459558,0.753785496131022,0.0973599283897175,2033.8919863952,0,619.440779631365,0,655.256089079938,0,0.001
13,3,1,0.753245507157993,0.0973530059428337,0.000149153232606095,4252.41361980676,0.0770637924790844,0.754362557454257,0.0973993956024442,655.150716954899,0,619.440880917921,0,655.256695292273,0,0.001
14,3,1,0.753986949488584,0.0973473741101365,4.41290748586261e-23,207877.402719099,0.0770662698762261,0.753951554881159,0.0973694951913319,655.255995621329,0,619.440449957368,0,655.256048955464,0,0.001
15,3,1,0.00749113287029005,4.93939726309918e-08,2.14037987755283e-06,0.000999500007224345,0.0959339339804818,0.753978436342129,0.0973891984281329,2033.89196064854,0,146.664264237792,0,655.256178289396,0,0.001
16,3,1,0.753957072599968,0.0973396381677242,3.85337426439187e-08,1994.95282074716,0.077033282072758,0.753755884226184,0.0973377585599072,655.255976295323,0,619.441190085585,0,655.256132878144,0,0.001
17,3,1,0.75402386050637,0.0973539666692655,2.17328558427603e-07,4.07678242056401e-06,1.03174551201019e-06,0.753961432985977,0.0973079240161669,655.255852401059,0,2055.61457054276,0,655.256159188641,0,0.001
18,3,1,0.754073545135405,0.0973448663023276,4.06680927454565e-08,4.1065202394361e-06,4.72844747511698e-08,0.753634193337761,0.0973773120487492,655.255984691558,0,2055.60989765966,0,655.256325728,0,0.001
19,3,1,0.00749235636407077,3.10150772279544e-08,1.78924646696263e-06,4.0650142295546e-06,2.05805791276669e-06,0.754110283131596,0.0973136815287257,2033.89195998303,0,2055.61975660641,0,655.256129492867,0,0.001
20,3,1,0.754020321731955,0.0973519165859552,6.93661490309411e-07,1.98023139131298e-26,5.39629266509558e-17,0.754047573596276,0.0973575206652132,655.255512837657,0,2067.86084316978,0,655.256019475228,0,0.001
1,4,1,0.00698122998759187,2.61102092717545e-13,1.81270760863751e-07,181458.760232529,0.0790821411005081,0.75505029388245,0.0994084654332269,1734.09884403608,0,590.282961496884,0,656.0696962992,0,0.001
2,4,1,0.755174234617653,0.0994042540093833,1.28741732778429e-26,6922.47961744171,0.0790911267332688,0.755199605682633,0.0993458676827893,656.069681374515,0,590.283259708158,0,656.069960495925,0,0.001
3,4,1,0.00698170415576228,1.40640174125645e-23,3.7553835882991e-08,0.00100160818155229,0.103570158131438,13694.8428146156,0.0791055305893466,1734.09884110421,0,142.355493329484,0,590.29295704225,0,0.001
4,4,1,0.755166897200972,0.0994007753173641,2.13757158369812e-08,3.26080617921486e-06,1.36459795107175e-07,0.755192765803211,0.0993925322703025,656.06966459494,0,1755.58509721786,0,656.069685922499,0,0.001
5,4,1,0.755223439910532,0.0994031644637365,3.33759962715286e-64,0.00100160136183579,0.103509532289823,0.755008075694107,0.0994063998873409,656.069695267046,0,142.355404933755,0,656.069712806912,0,0.001
6,4,1,0.755163118458972,0.0993993760008944,1.17401610338548e-12,0.00100122177205931,0.103541624539496,0.755348291697753,0.0993977620269441,656.069676706578,0,142.355404915976,0,656.069777214631,0,0.001
7,4,1,0.755096524171889,0.0994089502875369,6.93322260637431e-24,19301.4906341531,0.0791354625109011,0.755027100600303,0.0993842382451382,656.069685795368,0,590.283084288128,0,656.069730705541,0,0.001
8,4,1,0.000598248961171449,0.0999634020716289,1.09257282808045,0.00100161752644799,0.103581122875807,0.754885344116338,0.0994289550503776,140.603334306771,0,142.355585087675,0,656.069875650375,0,0.001
9,4,1,0.00698452409723068,5.11713001215111e-08,8.44918146633287e-07,2064.27789856147,0.0791555531579607,0.75511340159883,0.0993489278681988,1734.09885496488,0,590.28393983875,0,656.069936852137,0,0.001
10,4,1,0.00698138408422444,1.37522955083452e-15,5.28365707345395e-08,3.22325158083098e-06,1.38482520831692e-07,0.755215776890591,0.0994210277025209,1734.09884162644,0,1755.58560217084,0,656.06974265104,0,0.001
11,4,1,0.755109142230818,0.0993940096658316,5.08010723978806e-29,18086.4611968076,0.0790812912041714,0.755201338305834,0.0993814584955085,656.069679948431,0,590.283001388702,0,656.069713220804,0,0.001
12,4,1,0.755131368343509,0.0993932102926035,4.49323898189779e-07,3.2398813790525e-06,5.72264121731557e-08,0.755360720795115,0.0993739773454149,656.069406324242,0,1755.58472940086,0,656.069834766025,0,0.001
13,4,1,0.00698353956693919,2.61100203373475e-08,1.96932317673618e-07,3.26959927196759e-06,3.76121098820019e-08,0.754840213528903,0.0994293731631626,1734.09884303007,0,1755.58484357664,0,656.069928440429,0,0.001
14,4,1,0.75499838318032,0.0994042861118426,1.20681895610772e-13,1461.19738337819,0.0791420391426681,0.755165112644203,0.0993719884188221,656.069716941865,0,590.283921303751,0,656.069749945107,0,0.001
15,4,1,0.755066802529516,0.0993915795353974,0,24606.9345797955,0.0791015664071522,0.75504988092595,0.0993907209598681,656.069693688214,0,590.282685015997,0,656.069701763776,0,0.001
16,4,1,0.753702726646566,0.0994112414426315,0.000300471150777352,3.26255704010739e-06,5.94502588916994e-08,189982.895738358,0.0790962162815153,655.887532387082,0,1755.58477036219,0,590.283753003925,0,0.001
17,4,1,0.755133265269335,0.0994038568390846,7.2772413801723e-38,1240.65363684554,0.0791247249255628,0.755257542230602,0.0994631209622294,656.069676764219,0,590.283982188468,0,656.070143575354,0,0.001
18,4,1,0.00697819709398382,5.74719871481296e-08,3.06915831228626e-06,3.27079595110742e-06,1.52360570304131e-08,0.75517424850116,0.0994353866688956,1734.09889959618,0,1755.58477724709,0,656.069812703434,0,0.001
19,4,1,0.755174905984651,0.0993895859901008,0,10026.1603888037,0.079128885381732,0.754859329435559,0.099450733225125,656.069686971056,0,590.283088034758,0,656.070056923339,0,0.001
20,4,1,0.006980307761375,2.8813655044063e-16,9.67377744309596e-07,0.00100166980516971,0.103512447338857,0.755309428461362,0.0994490312701428,1734.09885942971,0,142.355426324697,0,656.070021948353,0,0.001
1,5,1,0.00678747714018691,5.12497632394995e-09,2.81750603017982e-08,2.21035656553595e-24,2.76305681527176e-20,0.740939801322154,0.101468002490297,1767.19775703212,0,1793.71532004373,0,669.525320908786,0,0.001
2,5,1,0.741164335457844,0.101481607412196,1.5858845626311e-225,0.000999640575100258,0.100640119733755,0.740980271500898,0.101462640159455,669.525206389849,0,147.120243184397,0,669.525291613761,0,0.001
3,5,1,0.0067878651550141,1.17160455681138e-11,4.14813796681283e-07,22712.0720924224,0.0798763685548376,0.741303891320563,0.101506874548386,1767.19776189086,0,617.043248566799,0,669.525375216352,0,0.001
4,5,1,0.741120815465869,0.101465211332391,1.20786073656979e-16,3.30808924964214e-06,4.40817922542004e-08,0.740901136233095,0.101453369139046,669.525205720804,0,1786.5914493647,0,669.52540933853,0,0.001
5,5,1,0.00683846137464741,4.88290488092105e-05,3.20095631035929e-05,976614.432582312,0.0798831506611047,0.741092355803704,0.101462614196822,1767.19404878794,0,617.042776877294,0,669.525219049297,0,0.001
6,5,1,0.741171388746321,0.101469201456432,1.65713606748034e-07,7.52956876853274e-32,4.29456740944137e-18,0.741068993997125,0.101453385485379,669.525091443674,0,1793.71532004373,0,669.52525531713,0,0.001
7,5,1,0.741141911858456,0.101466742320793,9.79732127541146e-07,324.256468839383,0.079820597140657,0.740917846657448,0.101463208949622,669.524582337783,0,617.046731483935,0,669.525354960654,0,0.001
8,5,1,0.741156101345028,0.101480272793572,1.92316951433442e-05,1226.33871509504,0.0798943881266016,0.741182013725218,0.101359327137746,669.513114696591,0,617.044061260222,0,669.526328133675,0,0.001
9,5,1,0.741144966847698,0.101480337932544,7.3261061506433e-14,4872.4367059185,0.0798826321150145,0.740841076285061,0.101535638294656,669.525204834881,0,617.043088157258,0,669.525730063265,0,0.001
10,5,1,0.74123283253163,0.101472967173795,1.29726999080521e-11,20198.8695566416,0.0798498683528009,0.74095583258664,0.101464322851439,669.525204499616,0,617.043035380562,0,669.525311083981,0,0.001
11,5,1,0.741115416436556,0.101470813927419,1.89904630780786e-05,5447.55148889064,0.0799128429680591,0.741495136906856,0.101457920767738,669.513244923477,0,617.043215493166,0,669.525407307759,0,0.001
12,5,1,0.00680301823322599,4.11989234646776e-07,1.61380492333737e-05,3.27052927336591e-06,1.77676384747849e-06,0.741050491080191,0.101497160241346,1767.1980834297,0,1786.59857934988,0,669.525271823839,0,0.001
13,5,1,0.00678626748548229,3.39784845657528e-12,5.45053290175878e-07,30299.6018717308,0.0798516945124676,0.741054737253548,0.10146437874181,1767.19776624256,0,617.042895009492,0,669.52523392097,0,0.001
14,5,1,0.741191746317764,0.101469558498124,2.94960985427096e-69,3.2714869368318e-06,1.07441128061246e-07,0.741114883412952,0.101435879749151,669.525196314837,0,1786.59128778281,0,669.525551206553,0,0.001
15,5,1,0.741152635010201,0.101462765403154,2.67093294521336e-10,1.47458301389969e-24,1.62126594592421e-19,0.741203894771877,0.101478182271419,669.525202806871,0,1793.71532004373,0,669.525203847596,0,0.001
16,5,1,0.00679063626110216,9.18599050423654e-12,7.71313486280183e-07,164.705002509034,0.0798960176374467,0.741069856850784,0.101513625652604,1767.19777024244,0,617.049765413837,0,669.525362425638,0,0.001
17,5,1,0.741088084405996,0.101476559466448,1.32844466583704e-08,1738.76539762147,0.0798669690179512,0.74136999591486,0.101534615623838,669.525204493312,0,617.04355109091,0,669.525705713366,0,0.001
18,5,1,0.00679092154666783,1.16804131170812e-06,1.49013018717505e-05,75.992917695909,0.0798560301123119,0.741275770923113,0.101448300393271,1767.19784644868,0,617.057222352839,0,669.525254671992,0,0.001
19,5,1,0.00678876912059995,1.06755714048824e-27,1.80818402410929e-07,5388.39100213596,0.0799110894813265,0.741213075279284,0.101439718856343,1767.19775904518,0,617.043530405142,0,669.525281657664,0,0.001
20,5,1,0.741158576740342,0.101470854953701,7.90568433478253e-11,679.907259787273,0.0799406363852313,0.741213544420928,0.101508124715561,669.525195983711,0,617.045604895682,0,669.525335338285,0,0.001
1,6,1,0.760803828144684,0.103937334112858,3.56659816690079e-10,3.30668095902057e-06,4.35230602350583e-07,0.760742549467494,0.103995206039991,645.088589345747,0,1836.13421234534,0,645.088873999207,0,0.001
2,6,1,0.00615561255342329,5.28159893182229e-15,3.33107666981969e-06,0.00100398497674435,0.102771800311625,0.760988653533629,0.103960946889244,1822.4681974605,0,135.386127364069,0,645.088656771823,0,0.001
3,6,1,0.760612348468314,0.103954529736508,4.90827461620905e-05,3.44947877156297e-25,3.02074120168809e-19,0.760506839719147,0.103954063305497,645.054617737175,0,1843.31933280864,0,645.088868329629,0,0.001
4,6,1,0.00615335220917567,4.13861554974567e-18,1.15450538791833e-06,3.30483980387195e-06,3.55272566316294e-07,0.760549438323372,0.103921243110216,1822.46819093542,0,1836.13390449236,0,645.088886757425,0,0.001
5,6,1,0.00615688954629482,3.67145267425958e-14,1.08144066630271e-08,3409.83582432242,0.0813627319462135,0.760618451325953,0.103937521256031,1822.46817657363,0,590.566627337645,0,645.088816656979,0,0.001
6,6,1,0.760707660167167,0.103946463750908,1.23973776013706e-05,21844.7140557032,0.0813730758948739,0.760863239867693,0.103962927438507,645.080002473474,0,590.565902428673,0,645.08863424619,0,0.001
7,6,1,0.00616256691770916,1.93456302044416e-06,2.38039819252084e-05,234.845846824639,0.0813633992471303,0.761118601112033,0.10395806941895,1822.46820104253,0,590.570696622439,0,645.089044043971,0,0.001
8,6,1,0.00106823603376042,0.103276535018135,0.988952522829598,3.3001424984314e-06,7.66071057269957e-09,0.760973291231097,0.103985456979068,135.341847323451,0,1836.13264797124,0,645.088883942853,0,0.001
9,6,1,0.00616106062978984,4.87806836737087e-18,1.79196698441948e-06,1066.31692663871,0.0813909914991917,0.760534363589757,0.103940994959143,1822.46820048351,0,590.567480647251,0,645.088924884841,0,0.001
10,6,1,0.00615310964630016,3.80974450317967e-11,1.08284948523877e-06,3.30345284671076e-06,5.87122861321084e-08,0.760647855676285,0.103932978281262,1822.46819162913,0,1836.1328636518,0,645.088697078744,0,0.001
11,6,1,0.760766785496297,0.10394357685064,2.37318330774713e-05,3.28525010188527e-06,1.1871147614404e-07,0.760683441217093,0.103995100385271,645.072161628662,0,1836.1330661584,0,645.088920371159,0,0.001
12,6,1,0.00615505536993595,2.03562481399753e-55,1.72441391020723e-06,115.822550268122,0.0813303463069069,0.761090752846028,0.103933527257927,1822.46818872315,0,590.575939488243,0,645.088964529834,0,0.001
13,6,1,0.760828945841341,0.103941072751291,1.26125718480806e-09,0.00100323551915986,0.102747035937949,0.761158499470018,0.103870679914842,645.088581146235,0,135.38572299115,0,645.089335472696,0,0.001
14,6,1,0.00107025537907867,0.103282252556289,0.988622775322883,61568.0446824439,0.0813688993456232,0.760990908287441,0.103973032620865,135.341851759034,0,590.566280581533,0,645.088704971639,0,0.001
15,6,1,0.00107026047435673,0.103294728322318,0.988633463313208,37065.2161751299,0.0813768610786707,0.760563575621352,0.103955087542038,135.341852041823,0,590.565950623704,0,645.0888402848,0,0.001
16,6,1,0.76081513384856,0.103952226630411,9.16736026401362e-19,3.30023947048222e-06,5.03500648822531e-10,0.760979405361282,0.103964823449282,645.088576360246,0,1836.13262427801,0,645.088663071042,0,0.001
17,6,1,0.00614822829110034,1.25259576238127e-11,3.01411536374291e-05,3.2759011543831e-06,2.02726229175613e-07,0.760609004728523,0.103899607479613,1822.46839622101,0,1836.13355974674,0,645.088913383887,0,0.001
18,6,1,0.00615457528137166,7.82520116531171e-17,6.94794514309359e-07,3.30250439332323e-06,2.28620665096345e-08,0.760951721789046,0.103946745805009,1822.46818373496,0,1836.13272714686,0,645.088606298599,0,0.001
19,6,1,0.759720378932296,0.103942969201261,0.000216455030103314,1.32506369749461e-31,2.20784286035893e-20,0.760564241563846,0.103919635284692,644.938850111933,0,1843.31933280864,0,645.088819499478,0,0.001
20,6,1,0.760833000947245,0.103943952981472,5.17676146602118e-105,0.00100350643413688,0.102608914177635,0.760701848632372,0.103952359615046,645.088579837058,0,135.388439864745,0,645.088767818191,0,0.001
1,7,1,0.00793948031352819,3.96313326748258e-09,6.61294147341533e-08,3.66486339359878e-27,8.63857189518887e-22,0.75312996467036,0.0937102859394414,1967.84455611603,0,2007.27011972749,0,709.012043862042,0,0.001
2,7,1,0.752653579695535,0.0937367862452205,9.54943422022128e-05,0.00100508490459011,0.0966273962415387,0.7535298016735,0.0937194954671425,708.945551456051,0,146.201723897956,0,709.012195972689,0,0.001
3,7,1,0.00794852609230501,4.04592180746019e-06,2.32763631781853e-06,6777.56077139637,0.0756288956091434,0.753157994207949,0.0936976143239924,1967.84415398452,0,654.765766245841,0,709.012070389662,0,0.001
4,7,1,0.00793998511373775,7.86955554658682e-27,6.87157511435365e-07,3.86147119699898e-06,7.83538434883541e-08,0.753216073932989,0.093736305832499,1967.84457009843,0,1996.55831692303,0,709.012056515288,0,0.001
5,7,1,0.753329660813092,0.0937096752087526,1.00749685433227e-06,3.89495265119009e-06,8.50244728385241e-09,0.753653760373163,0.0936970427180704,709.011323036643,0,1996.55776502479,0,709.012396859293,0,0.001
6,7,1,0.00793929644729338,1.47335818218375e-27,4.06034568132146e-07,2354.47416505982,0.0756531480944335,0.753114245566654,0.0937036273638382,1967.8445650832,0,654.766590990032,0,709.012071122683,0,0.001
7,7,1,0.753253645791548,0.0937271435293989,1.04855363185612e-06,5787.3093429982,0.0756697414851928,0.753401370637403,0.0936954458589043,709.011291561885,0,654.766510870986,0,709.012096360362,0,0.001
8,7,1,0.0080124674145126,7.95919429410284e-05,0.000290755955644983,0.00100468810719936,0.0966417846191953,0.752969551659997,0.0937237775383618,1967.84238680059,0,146.201667970806,0,709.01218318856,0,0.001
9,7,1,0.00794532292884645,6.79735601514675e-15,3.26623359946568e-07,3.86999770023609e-06,3.5981678603744e-08,0.75331082420032,0.0936916144311077,1967.8445748173,0,1996.55785475262,0,709.01207814571,0,0.001
10,7,1,0.00793536037622082,1.15061214005134e-07,8.70082073238985e-07,3.86524563348879e-06,1.71711643628493e-07,0.753573153001949,0.093730935728514,1967.84458774813,0,1996.55870866353,0,709.012299700292,0,0.001
11,7,1,0.753301680026509,0.0937210821404462,9.97345476812389e-38,1623.06785052514,0.0755916131098716,0.753320678583264,0.0936408520790912,709.012017063673,0,654.766286010767,0,709.012670703564,0,0.001
12,7,1,0.00794232168016665,7.88244411954865e-16,2.25023281141685e-07,3.87602540484254e-06,4.03004107896341e-08,0.753341776609988,0.0936870468527018,1967.84455931233,0,1996.55779225965,0,709.012113472646,0,0.001
13,7,1,0.753302534452782,0.0937276154936933,2.78492178764966e-14,46985.8119422566,0.0756366697218524,0.752969995842618,0.0936800254760015,709.012032503136,0,654.765754248295,0,709.012379459243,0,0.001
14,7,1,0.753262551630788,0.0937020781447018,1.01045604639418e-54,2.02837967035572e-32,1.88196097648976e-18,0.753139545636289,0.0936473745275761,709.012027484341,0,2007.27011972749,0,709.012627080925,0,0.001
15,7,1,0.752111275363222,0.0937187908575151,0.000220065582418506,0.00100460223906645,0.0966337063152168,0.753132362814907,0.0936936834077257,708.858729343809,0,146.201671668898,0,709.012105437243,0,0.001
16,7,1,0.00794466495211112,4.90911396098417e-06,1.08444925837241e-05,71555.8813509111,0.075632870253494,0.753326784395909,0.0937353789598512,1967.84424917485,0,654.765594016041,0,709.01207348743,0,0.001
17,7,1,0.753138582972819,0.0937237927375564,3.122123327477e-06,0.00100470473606755,0.0966301759558086,0.753237000731523,0.0937377584484817,709.009855026312,0,146.20163159729,0,709.012063707165,0,0.001
18,7,1,0.753206763086068,0.093715179135205,4.91439314432083e-22,0.00100477844606771,0.0966487789396774,0.753440593232436,0.0937103372890421,709.012009564268,0,146.201680034655,0,709.012090688549,0,0.001
19,7,1,0.753254558377623,0.0937159129329679,2.00454795713655e-76,2.68491720531686e-32,2.13694612096807e-18,0.753099584919695,0.0937113296663668,709.01200567953,0,2007.27011972749,0,709.012061387449,0,0.001
20,7,1,0.753288382361817,0.0937091200888013,9.76225832011424e-09,3.88644305801603e-06,4.86395873793301e-08,0.753357124067807,0.0937387132841541,709.012006621505,0,1996.55783949108,0,709.012107984792,0,0.001
1,8,1,0.767085888562529,0.0992438939440415,1.90508034019134e-37,3.3653244535844e-06,1.42706495385292e-09,0.767060029550587,0.099207191597074,666.561846052496,0,1867.30963613682,0,666.561974453458,0,0.001
2,8,1,0.00691865748045653,2.49429733438271e-05,3.03585405807623e-05,23358.6195353879,0.0787701961597993,0.766482668813186,0.0991887539632945,1847.38347031164,0,599.729832986895,0,666.562849623307,0,0.001
3,8,1,0.00689166938763949,2.21764397141328e-22,2.21192420935435e-06,0.00104082555622059,0.101429909979906,0.76679187808655,0.0992611719454806,1847.38523010009,0,140.776808454831,0,666.56194472194,0,0.001
4,8,1,0.766951281023052,0.0992351905575442,6.02619193540829e-06,424.901517792008,0.0787963685645771,0.767082485366143,0.099276680996296,666.557542193194,0,599.732381600197,0,666.56195530178,0,0.001
5,8,1,0.0068959776441995,8.2569165598018e-10,5.18715641438902e-07,3.39853063246653e-06,5.75655829797386e-08,0.767191317021021,0.0992490675603277,1847.38519630856,0,1867.3099663936,0,666.561913215839,0,0.001
6,8,1,0.00690010616484899,9.52551997472447e-11,5.95692357909662e-07,0.00104105242241239,0.101443382227558,0.767408454932338,0.0993218651988881,1847.38521369532,0,140.776821031359,0,666.562896051376,0,0.001
7,8,1,0.00689123951248363,3.73885701926582e-08,3.21441149150608e-06,3.36500397489316e-06,1.26267212272637e-07,0.766870670423244,0.0992247821972907,1847.38524382071,0,1867.31019465679,0,666.561920617348,0,0.001
8,8,1,0.767083137353707,0.0992512539021186,1.85194888450407e-06,3.38140601014231e-06,1.02611316536519e-08,0.767021535745644,0.0992081565744382,666.560532994056,0,1867.30949397186,0,666.561966067851,0,0.001
9,8,1,0.767038145888492,0.0992476311292514,5.16778768417286e-11,204949.285729391,0.0787886683326935,0.76670492673838,0.0993060921271226,666.561835031361,0,599.729394420159,0,666.562340627114,0,0.001
10,8,1,0.766911008375721,0.0992561136632728,6.02178302791766e-16,5.56431216944087e-32,3.59868804973579e-18,0.766814846216285,0.0992285862862207,666.561859308333,0,1874.95640895472,0,666.561947603968,0,0.001
11,8,1,0.767088554808581,0.0992431106542316,8.15047536089986e-19,0.00104073121607387,0.101466838061718,0.766992154808093,0.0992517079614863,666.561847014094,0,140.776843699055,0,666.5618360594,0,0.001
12,8,1,0.00689703275366382,1.31126950687013e-17,5.75566755259555e-07,1312.08875371933,0.0788097145581167,29274.0587917037,0.0787520882084865,1847.38519900546,0,599.731116840451,0,599.734294390737,0,0.001
13,8,1,0.766943431834047,0.099246549992539,2.17041213464274e-15,0.00104045842601416,0.101450173952682,0.767116883525662,0.0992955904139902,666.561839328635,0,140.776933176866,0,666.562138019045,0,0.001
14,8,1,0.0069005140605568,1.79604907969024e-11,1.97458749650234e-06,147.625741966075,0.07868035595453,0.767128562433406,0.0992287375253225,1847.38523723665,0,599.738677607882,0,666.561885007286,0,0.001
15,8,1,0.00689319465643891,2.12468401419883e-08,6.43918985077348e-07,3.39151777045387e-06,1.16080635629344e-08,0.767436533814252,0.0992283662073717,1847.38519942564,0,1867.30959938752,0,666.562245793952,0,0.001
16,8,1,0.00689291674214096,1.93926282339463e-25,1.012587440257e-06,143634.060254267,0.0787842136834128,0.767135812905316,0.0992490248538481,1847.38520743369,0,599.72972723324,0,666.561873346114,0,0.001
17,8,1,0.767033303559098,0.0992410734372189,2.20700953880338e-06,3.39046898135749e-06,4.11701327127575e-07,0.767189149631827,0.0992469194499452,666.560260905636,0,1867.31133527929,0,666.56190868725,0,0.001
18,8,1,0.766991940233114,0.0992401294783852,2.37288717455022e-80,0.00104057754976286,0.101383234193803,0.767264841485379,0.09922737331839,666.561834221955,0,140.777195138272,0,666.56199634162,0,0.001
19,8,1,0.00689436644304268,1.69529926692428e-06,6.8085894302189e-06,3.39994144064377e-06,8.19579898334177e-08,0.767187203219686,0.0992741739306447,1847.38514538211,0,1867.31011598691,0,666.562010285627,0,0.001
20,8,1,0.766997771216734,0.0992491575127541,3.57672383473412e-59,4810.2778746806,0.0787332033746801,0.767361895041453,0.0992671262721375,666.561833197833,0,599.729995302863,0,666.562190827048,0,0.001
1,9,1,0.759588446217638,0.105224220420554,2.81501868414105e-09,1294.96474580035,0.0813521046988215,0.759705493480469,0.105227322924593,640.561359000025,0,590.215464402344,0,640.5614302835,0,0.001
2,9,1,0.759466822992518,0.105247357643114,2.12865384514699e-14,0.00102224533001698,0.103597925752503,0.75947325679617,0.105269396550374,640.561332383541,0,130.796576320436,0,640.561398958782,0,0.001
3,9,1,0.000951940766626409,0.103027840690109,1.01256300145862,163.946250599607,0.0813355603936639,0.759590645824757,0.105171796957621,130.741728834175,0,590.220821460506,0,640.561698180102,0,0.001
4,9,1,0.759549105465102,0.105230098757504,7.75817624537852e-13,569.136055160819,0.0814568934111446,0.759714408466232,0.105241867220371,640.561339104787,0,590.21907630405,0,640.561438597795,0,0.001
5,9,1,0.759569886957379,0.105237816568621,7.31541497911755e-13,2.95725606478972e-06,1.34949023237093e-08,0.759474721987197,0.105249944446141,640.561339970777,0,1851.72295709086,0,640.561335665613,0,0.001
6,9,1,0.759428652224255,0.10522747943136,2.54090145096291e-07,0.00102192706231775,0.103636984251589,0.759357314448159,0.105248615936093,640.561171824306,0,130.796734143978,0,640.561368531608,0,0.001
7,9,1,0.00637564303769966,4.02284018867378e-05,6.39824943280075e-05,0.00102200980663131,0.10359801583244,0.759472505399803,0.105180338006469,1835.10910073204,0,130.796569657459,0,640.561616434021,0,0.001
8,9,1,0.75943852676758,0.105235230820486,8.54460883662719e-11,18881.1873760867,0.0813390208356332,0.759331728665506,0.105257094838595,640.561334794066,0,590.214210003587,0,640.56139805152,0,0.001
9,9,1,0.00633960646694521,6.39194794658369e-07,8.23724118455942e-06,3.027677951505e-06,5.59923800501052e-09,0.759688358700112,0.105268418679809,1835.11145214297,0,1851.72275522511,0,640.561501240414,0,0.001
10,9,1,0.759554299876502,0.105236698787927,8.15568329071358e-14,2165.82941010527,0.0813579190467105,0.759859173331676,0.105250092921075,640.561335334953,0,590.214673466709,0,640.561647541243,0,0.001
11,9,1,0.00633841047077151,1.98950075714627e-21,3.14469737329969e-05,4853.01268892589,0.0813302118127626,0.759500998017555,0.105273700652282,1835.11174848387,0,590.214387394881,0,640.561424191193,0,0.001
12,9,1,0.000952344829803873,0.103027437955908,1.01247044822773,1.09143187376645e-25,1.09287197704594e-19,0.759622431225657,0.105251996218522,130.741721683591,0,1857.44882638535,0,640.561383332253,0,0.001
13,9,1,0.00631826282715024,1.72450007235595e-08,1.2877070702271e-05,8.16494914615357e-24,9.34846167439728e-20,0.759490909839042,0.105275351499244,1835.11164610636,0,1857.44882638535,0,640.561432224198,0,0.001
14,9,1,0.00633377714229289,3.843179174285e-11,3.7347324097857e-06,6343.91696382976,0.0813237712979325,0.759688592192833,0.1052306735753,1835.11142211397,0,590.214555166856,0,640.561412366691,0,0.001
15,9,1,0.00632994275744617,1.9103547232939e-09,4.02163707638666e-06,12591.0013215147,0.0813570510698083,0.759670224926475,0.10521538643699,1835.11142789868,0,590.214492564265,0,640.561428914363,0,0.001
16,9,1,0.759430423346767,0.105245686331823,1.36655200602384e-18,3.00017368389446e-06,1.92394133177996e-07,0.759458715277376,0.105264714980398,640.561336569801,0,1851.72267823956,0,640.561378392409,0,0.001
17,9,1,0.759521628521983,0.105236075075083,2.4446112340823e-06,0.00102258887903317,0.103594716948806,0.760036754811406,0.10515764248404,640.559626315905,0,130.796788870283,0,640.562369371266,0,0.001
18,9,1,0.00632995717087191,5.76509118580674e-08,1.98589387117487e-06,52244.7108687692,0.0813152358402158,0.759482406258288,0.105286367620475,1835.11140272093,0,590.214353749358,0,640.561505592491,0,0.001
19,9,1,0.759470846944754,0.105236677395771,2.78031526918459e-59,1.82766722659357e-25,1.69449884305002e-19,0.759552385426633,0.105305141104544,640.561328279962,0,1857.44882638535,0,640.56170223615,0,0.001
20,9,1,0.00633327378097142,3.08553027247626e-96,3.54928373249481e-07,56629.6601686051,0.0812958123529143,0.759609256291802,0.105249168129942,1835.11138549574,0,590.21468701374,0,640.561369161245,0,0.001
1,10,1,0.00126916317165267,0.099674731343343,0.964235813309866,47220.0980283384,0.078614567216708,0.776194236134857,0.0993399553478083,144.183511470728,0,591.410818032618,0,648.914760303199,0,0.001
2,10,1,0.376719530132139,0.078646774595313,2.79689076456941,712.684001167716,0.0786356572826375,0.776167859435558,0.0993082371297468,591.41061374687,10,591.41226319376,0,648.914792412331,0,0.001
3,10,1,0.7759824885764,0.0993296933313969,1.29314890324831e-05,2633.09961762692,0.0786450814809104,0.776209942030651,0.0993590290709333,648.90514521214,0,591.41087839436,0,648.91484190451,0,0.001
4,10,1,0.776186770368332,0.0993337749472572,8.1362759383278e-12,3.68019548385244e-06,2.74850924671668e-08,0.776867032620903,0.0993239158077333,648.914749453711,0,1966.39134417329,0,648.915911472801,0,0.001
5,10,1,0.00715131299592548,1.58337687407531e-35,4.22549660086711e-07,3.67843021275669e-06,1.14153948350869e-07,0.776370658145893,0.0993210139643526,1945.52824168303,0,1966.39171508542,0,648.914871038914,0,0.001
6,10,1,0.00715350479540498,3.27357631112039e-15,4.33938045614099e-07,25581.8435884347,0.0786806752328391,0.776116296490287,0.0993888439475409,1945.52823900672,0,591.410511069188,0,648.915073088717,0,0.001
7,10,1,0.00715121028063674,2.87292944252267e-38,7.51938643501272e-07,3.68947970250827e-06,6.49837837969588e-08,0.77606302339062,0.0993096945921886,1945.52824699616,0,1966.39167301915,0,648.914798444544,0,0.001
8,10,1,0.776143701463106,0.0993405579528767,1.05342882698347e-37,3.66228370588043e-06,5.08324486185282e-08,0.776069918188632,0.0993632805932707,648.914750568606,0,1966.39154812911,0,648.914845195054,0,0.001
9,10,1,0.00715852439001158,2.59738738757924e-08,1.27983083518339e-05,3.68915076174484e-06,1.69498650512055e-06,0.776245408439125,0.0993154331229303,1945.52845111784,0,1966.39889199409,0,648.914788834058,0,0.001
10,10,1,0.776187325390039,0.0993280603123312,2.13613602207062e-09,9835.80146933736,0.0786799681608038,0.776013767673114,0.0993367353254947,648.914746914176,0,591.410617489538,0,648.914768487161,0,0.001
11,10,1,0.776102815734815,0.0993211001691526,8.31657407452613e-08,3.67105249555535e-06,1.05495678605001e-07,0.776195396259084,0.0993127811909291,648.91468994887,0,1966.39167453295,0,648.914779386741,0,0.001
12,10,1,0.00715067069827518,5.02053781870016e-23,1.07666560618494e-07,0.00104051976571048,0.0980065315513091,0.77580974073647,0.0993331551815907,1945.52823909767,0,144.685146531415,0,648.914954293517,0,0.001
13,10,1,0.00715018959433437,3.75353871912193e-71,8.15984127140264e-07,0.00104002477323277,0.0979919265441633,0.775866387623401,0.0993158053800145,1945.52825185868,0,144.685195808652,0,648.914921847322,0,0.001
14,10,1,0.77617174024768,0.0993272783566233,1.02623435399747e-07,15669.2892534079,0.0786587438127039,0.776081444195045,0.0993427977288546,648.914669288368,0,591.410561608795,0,648.914756642872,0,0.001
15,10,1,0.0012691998086516,0.0996620346522259,0.964224783607998,3.25844022530947e-28,6.38634997855347e-22,0.776221768574382,0.0992967061485864,144.183513425762,0,1975.75486524514,0,648.914866374666,0,0.001
16,10,1,0.77602824250766,0.0993307048272169,2.40061290717382e-05,3.68612165675162e-06,3.81185746461361e-09,0.775910599867263,0.0993263773036062,648.896904314833,0,1966.39132604061,0,648.914845736985,0,0.001
17,10,1,0.776213834777691,0.0993247373561191,1.48344610379665e-100,0.00104005447966341,0.0979728416796696,0.776200138420686,0.0992739271690625,648.914758834028,0,144.685245551374,0,648.915063392772,0,0.001
18,10,1,0.0012686378177981,0.0996599816795342,0.96430391941393,3.72512811701161e-06,8.27527330994465e-07,0.776192053094498,0.0993904600015995,144.183510113715,0,1966.39700992638,0,648.915116268885,0,0.001
19,10,1,0.776173790897306,0.0993355499191239,1.46260806854429e-14,0.00104048804312259,0.098034618972189,0.776232214430729,0.0993098790369615,648.914747891843,0,144.68522158104,0,648.914801469438,0,0.001
20,10,1,0.776149347079488,0.0993198444034924,4.51684900854869e-09,88.777655738346,0.0786603486157714,0.776093154022819,0.0993774027864291,648.914749463116,0,591.422691506844,0,648.914952791631,0,0.001
1,11,1,0.755882700783637,0.0957244255395408,3.38815119632132e-11,573.222473438814,0.0764648735866469,0.756089718609267,0.0957565413928107,718.17206398374,0,648.095974200363,0,718.17207497813,0,0.001
2,11,1,0.00782353738547762,2.18807453596871e-32,8.30550639060186e-07,1249.5358279615,0.0764610656108834,0.755902569022488,0.0957006156064327,1840.76924180043,0,648.095257077203,0,718.172125808631,0,0.001
3,11,1,0.00782099076284275,4.50477418276122e-06,3.04227766007189e-05,6511.63264566547,0.076538033044054,0.756101723162157,0.0957503319138569,1840.7695862147,0,648.095005632512,0,718.172034623475,0,0.001
4,11,1,0.00782193402353296,4.03074883933238e-12,6.19564569129698e-06,4368.96006993374,0.0764730259221723,0.756267029155182,0.0957546112344958,1840.76938933562,0,648.094323613608,0,718.172143731901,0,0.001
5,11,1,0.756008368240442,0.0957281548484819,2.2998035354843e-88,3.61183128277398e-06,4.78196253715387e-09,0.75605411745202,0.0957541070553807,718.171975894855,0,1869.77959679451,0,718.172058343447,0,0.001
6,11,1,0.00781905238998721,2.54981537990052e-44,3.84198481466553e-09,3.56994764839867e-06,3.51593078715668e-08,0.755954829958247,0.0957606294950436,1840.76923084842,0,1869.78062302862,0,718.172135746543,0,0.001
7,11,1,0.00782412164650691,4.86641769866106e-18,9.09922453482674e-08,0.000987027731379646,0.0974819288063883,0.756123047555479,0.0956879427835382,1840.76922225603,0,151.264130803709,0,718.172099857638,0,0.001
8,11,1,0.756143260804775,0.0957231029378758,1.7388086843524e-06,3.58471774225708e-06,1.8602492453599e-08,0.75587595431553,0.0957020833098216,718.17072539523,0,1869.77989342329,0,718.172145073891,0,0.001
9,11,1,0.756112567044958,0.0957138730449328,4.92203492071144e-17,18060.2907277532,0.076463884690877,0.75611749121898,0.095702033105354,718.171966595399,0,648.094014808417,0,718.172008724383,0,0.001
10,11,1,0.00782594606157892,2.87947471220822e-18,7.25460429812658e-08,3835.33792276959,0.0764944680488208,0.75612914714977,0.0957542646101988,1840.76922779679,0,648.094215258524,0,718.172064880863,0,0.001
11,11,1,0.0013815086727615,0.100153666473314,0.939934349791064,3815.83898147476,0.0765311327654038,0.75628012970036,0.0956859610664151,149.703572221543,0,648.094651007878,0,718.172162336156,0,0.001
12,11,1,0.756122834834611,0.095717495787123,0,3.60862914899861e-06,2.50107184742904e-06,0.75591326086126,0.0957312879238156,718.171960442357,0,1869.79345029487,0,718.172036813982,0,0.001
13,11,1,0.756108756790359,0.0957215036558277,8.75818345640622e-38,3.60487512181945e-06,1.8618825862706e-09,0.756348729030496,0.0957463351909739,718.171956089044,0,1869.77951938314,0,718.172171324354,0,0.001
14,11,1,0.00138225363390424,0.100178630563655,0.939846023554493,45942.5580497277,0.076499456778867,0.755844891112852,0.0957448115501662,149.703562933259,0,648.094051075133,0,718.172133032584,0,0.001
15,11,1,0.756063566064833,0.0957270956032915,1.33092860380079e-05,3.59639078475543e-06,1.47709537326995e-08,0.755969038374178,0.0956960979745429,718.162502692313,0,1869.77962655601,0,718.172098152323,0,0.001
16,11,1,0.756018469622656,0.0957266705688434,2.56619145345924e-06,296.799863257877,0.0764975366788431,0.756108095685227,0.0957202541752237,718.170143817625,0,648.09794857235,0,718.171956900434,0,0.001
17,11,1,0.00782316851470203,1.11453838785177e-09,4.04287279680323e-07,0.000986722706582038,0.0974521007143916,0.755924409140865,0.0957155224596287,1840.76922969402,0,151.264142256344,0,718.172040953441,0,0.001
18,11,1,0.756035979644865,0.0957207823631374,4.80756215097915e-10,89.0823371135692,0.076433271692495,0.755562590331719,0.0957221381322524,718.171967013506,0,648.107214002139,0,718.172617245479,0,0.001
19,11,1,0.756067181972761,0.0957173188273539,6.26748269715022e-06,102339.967721842,0.0765019424668886,0.755681156990218,0.0957709685711812,718.16750762161,0,648.093961449839,0,718.172526896014,0,0.001
20,11,1,0.756033005666054,0.0957259967400075,1.86441509818922e-42,3.61887935397308e-06,8.38100611895633e-08,0.75625152170123,0.0957082123902388,718.171966261986,0,1869.78018035791,0,718.172023798915,0,0.001
1,12,1,0.756540881293771,0.0976110937777814,1.84249931077871e-09,177.777802634302,0.0775893592884333,0.75648941056766,0.0975932682857234,665.720948691546,0,608.232164278391,0,665.72094724744,0,0.001
2,12,1,0.00716217890215784,3.13103198173218e-08,1.3420482275731e-07,7114.76984044435,0.0775840947569149,0.7567568323794,0.0975883018713426,1881.43509074435,0,608.226093388743,0,665.721072726205,0,0.001
3,12,1,0.00716047089614592,1.30903195516066e-08,1.42891853862543e-06,0.000981675793716021,0.0997815020133817,0.756371407627283,0.0976515268379186,1881.43511472921,0,140.374147350609,0,665.721222851232,0,0.001
4,12,1,0.00715959296625557,1.66550015399018e-13,1.32708308014258e-06,0.000981188030097155,0.0997830756626768,0.756168109853651,0.0976157998868823,1881.43511789027,0,140.37420402078,0,665.721215057607,0,0.001
5,12,1,0.756538721678616,0.0976080068994707,3.41453202920229e-06,275.047986879266,0.0775296556436798,0.756257566287504,0.097586546761323,665.718519877421,0,608.230103144562,0,665.721128185051,0,0.001
6,12,1,0.00716057347911636,8.5159203954552e-07,4.66530829989604e-06,13716.7456706692,0.0775657982141761,0.756641634309224,0.0976019490945988,1881.43508494622,0,608.225932149739,0,665.720972959241,0,0.001
7,12,1,0.00715908773918971,1.10443743606275e-08,6.98890835494e-07,0.000981199559490586,0.099814474498492,0.756643512725902,0.0975824979186302,1881.43511039295,0,140.374377151835,0,665.721001729363,0,0.001
8,12,1,0.00716028311056299,8.22323498852861e-21,7.64540127741336e-07,4640.19941443289,0.077595924936167,0.756176903844765,0.09763812215957,1881.43510697492,0,608.225979986364,0,665.721292655398,0,0.001
9,12,1,0.000989353308514203,0.0998352225305242,0.998573112976777,0.000981771321682698,0.0997806393886382,0.75640195505263,0.0975809898154341,140.373057423903,0,140.374197021225,0,665.721020694268,0,0.001
10,12,1,0.756527512491475,0.09761009740893,3.7042350885795e-11,3.46812336676867e-06,4.43763240189305e-08,0.756408361318201,0.0976362029463443,665.720946448664,0,1903.70143350351,0,665.721077954503,0,0.001
11,12,1,0.00716304621620582,4.11411282518804e-25,1.73027930556542e-06,2138.66818597553,0.0776037608158045,0.756519576590758,0.0975751827016236,1881.43511687033,0,608.226438758649,0,665.721009705717,0,0.001
12,12,1,0.756513482370582,0.0976096653442358,2.28120106587153e-08,3.46772354335915e-06,1.11745249439556e-06,0.756633137081515,0.097583869273482,665.72092880118,0,1903.70646329848,0,665.720992207772,0,0.001
13,12,1,0.756527076441879,0.0975954284403628,2.0158167789761e-17,0.00098137054213298,0.0997959951138879,0.756358179093603,0.0976210825825288,665.720941410863,0,140.374158884667,0,665.721023691871,0,0.001
14,12,1,0.00717214681265883,1.99100921247848e-05,0.000110044996914554,1164.61561123107,0.077539418182437,0.756807316587898,0.097573525402159,1881.43484370996,0,608.227022158709,0,665.721177235105,0,0.001
15,12,1,0.00716341383471052,1.01581515040224e-63,2.00350085313951e-07,4114.04694961012,0.0775586821786784,0.756532936545896,0.0975789414326305,1881.43509478231,0,608.225898041663,0,665.720989832123,0,0.001
16,12,1,0.756002196883301,0.0975963900540911,9.99910522389841e-05,24210.4173928784,0.077541051980897,0.756498937677806,0.0976233070512212,665.64988798385,0,608.22571152803,0,665.720987950958,0,0.001
17,12,1,0.00716051630062021,8.82818594841864e-13,1.52683393624384e-07,1.14516614464941e-26,9.20356972225806e-20,0.756702907076934,0.0975795731119241,1881.43509734331,0,1911.76193573591,0,665.721049477329,0,0.001
18,12,1,0.756446690582393,0.0976009699569007,1.49327983696119e-06,3.55599487779245e-31,1.11085800830037e-17,0.756280328051083,0.0975959649862155,665.719885540302,0,1911.76193573591,0,665.721072504856,0,0.001
19,12,1,0.000990508747737351,0.0998522052969702,0.998410007443358,0.000981748370349184,0.0997905867904395,0.756339820518214,0.0975966847159279,140.37303307056,0,140.374182035322,0,665.72101434573,0,0.001
20,12,1,0.756123667124193,0.0976112533962496,7.83929310722631e-05,8221.75720501678,0.0775562101909999,0.756259227290433,0.0975921032568579,665.665238433606,0,608.22585809927,0,665.721106403213,0,0.001
1,13,1,0.752690177576111,0.0969256814733682,1.20729470430724e-07,3.59332442196012e-06,1.13647585412127e-08,0.752559411252297,0.096913555721407,693.160918800163,0,1782.99140769028,0,693.161101552569,0,0.001
2,13,1,0.751867886240372,0.096921914127663,0.00017047903280921,2679.89987963534,0.0768904876955016,0.752655425692292,0.0969351180830773,693.040993483146,0,621.092389578105,0,693.161030376525,0,0.001
3,13,1,0.00757526828498774,1.00734536189247e-07,1.32720746378914e-06,3.57829144191074e-06,7.71316485494053e-07,0.75262876961969,0.0969085481190802,1756.86303040346,0,1782.99522879998,0,693.161060870309,0,0.001
4,13,1,0.752802555691151,0.0969307433795566,6.69596152559037e-14,1.01299588113762e-28,6.91815327952083e-19,0.752734632843633,0.0969550741027361,693.161003951147,0,1791.78098846302,0,693.161106507243,0,0.001
5,13,1,0.752732605136333,0.0969302306265701,4.85860171043943e-07,3.56148534186156e-06,1.90684745213434e-07,0.752511843890189,0.0969288355761007,693.160657149494,0,1782.99250872917,0,693.161133220972,0,0.001
6,13,1,0.752813478485899,0.0969147062085536,2.87821399787954e-07,28340.2528024098,0.0769307354193926,0.752441417218107,0.0969121157482876,693.160799549174,0,621.091858326391,0,693.161251202592,0,0.001
7,13,1,0.00757795278693571,1.92133182800585e-14,3.56677472120383e-07,4723655.73484659,0.0769043811892117,0.752919544993159,0.0968948379174445,1756.86303424952,0,621.091829618137,0,693.161111869652,0,0.001
8,13,1,0.00756883321321774,6.35613570837622e-11,8.78462191466592e-07,3.59913137964656e-06,2.2004740018903e-08,0.752645643186723,0.0969106586068544,1756.86304231122,0,1782.99161533555,0,693.161043426669,0,0.001
9,13,1,0.000968165851546758,0.0985346035736507,1.00364345048252,3.67129801215566e-27,5.26523169847416e-21,0.752813942655385,0.0969374291768783,147.684644728571,0,1791.78098846302,0,693.161025102075,0,0.001
10,13,1,0.752636361542637,0.0969207422726968,3.05395226471075e-05,0.000988549626552393,0.0987668819929005,0.752699825914187,0.0969505810112801,693.139488312048,0,147.690081700316,0,693.161080567668,0,0.001
11,13,1,0.752798907993683,0.0969250878813908,9.67651926120932e-08,3.32163965376628e-23,1.79441320304269e-17,0.752669200193076,0.0969340476997356,693.160927476703,0,1791.78098846302,0,693.161022298476,0,0.001
12,13,1,0.00757392446591172,2.71676000167837e-08,3.88508156133349e-07,2.70760628106891e-25,2.06367620108079e-19,0.752569847494488,0.0969365296391202,1756.86301501728,0,1791.78098846302,0,693.161087613026,0,0.001
13,13,1,0.752803682820792,0.0969255468032529,4.27341290151516e-275,2013.85384855095,0.076891992300682,0.75254027311596,0.0969306848352193,693.16099677398,0,621.092736440955,0,693.161104713825,0,0.001
14,13,1,0.75280566117985,0.0969174864753556,8.05154862998697e-40,3.59541152689484e-06,3.49558267308577e-07,0.752903194492211,0.0969205281608034,693.160997251154,0,1782.99320910234,0,693.161034893068,0,0.001
15,13,1,0.752830790452612,0.0969281256923807,2.88486289977551e-06,0.000987813593410004,0.09868315060372,0.752533932083948,0.0969508203295266,693.158980445812,0,147.689452552496,0,693.161173431128,0,0.001
16,13,1,0.00769776974508362,0.0001201829340142,0.000186662358507698,62640.2046472898,0.0768831657549484,0.752850388372011,0.0968384549104503,1756.85497764192,0,621.092265309007,0,693.161747561864,0,0.001
17,13,1,0.752804194877644,0.096915048070354,9.90226013381626e-17,3.57270507748593e-06,3.26397429830748e-06,0.752670190563041,0.096940924422235,693.160999837932,0,1783.00826965023,0,693.161042083683,0,0.001
18,13,1,0.752754798058966,0.096930360958964,5.73115225081064e-10,3.57898166498775e-06,1.23613383921999e-09,0.752823659321917,0.0969507450335531,693.160998042842,0,1782.99121986211,0,693.161094444071,0,0.001
19,13,1,0.00757694542929573,3.51106594017431e-34,2.03401801878856e-07,15597.8655159546,0.0769381571662636,0.75259594659875,0.0969528530378832,1756.86302429359,0,621.092003335294,0,693.161110681436,0,0.001
20,13,1,0.00757412937055879,1.31535862806462e-20,6.60662571919062e-09,0.000987889454223794,0.0986892370709168,0.752897842589064,0.096964306772388,1756.86300988176,0,147.689422520798,0,693.161246682135,0,0.001
1,14,1,0.00609759418635783,1.57064050262234e-12,7.25375305343259e-07,1402.70571508133,0.082015054327883,0.769726717688182,0.106496745905609,1828.09929422413,0,560.037253488317,0,611.67279724958,0,0.001
2,14,1,0.769877520607152,0.106474816131574,1.19113910015225e-07,500.175190975802,0.0819485646300771,0.769702185694395,0.106426051306217,611.672653214425,0,560.038977503427,0,611.672976958061,0,0.001
3,14,1,0.00106315841899143,0.101598807543923,0.991641989177,3.57446495542566e-06,7.42676570323124e-09,0.769705732308494,0.106517387176988,146.40572931633,0,1839.78395133739,0,611.672908307987,0,0.001
4,14,1,0.769791310236583,0.106480042878089,1.09544168401377e-38,3.57861408521577e-06,2.81017313364512e-08,0.769762474950368,0.106453290523782,611.672739580456,0,1839.78409744856,0,611.672784071439,0,0.001
5,14,1,0.769813457530236,0.106506616473835,3.62406761714967e-08,0.00101363260436809,0.101205446774823,0.769654012393599,0.106465797766215,611.672792351084,0,146.432613687227,0,611.67282316374,0,0.001
6,14,1,0.00610134203488945,6.08993910550984e-11,4.06061388548295e-06,0.00101414126000516,0.101248154697531,0.76986264990125,0.106435599078945,1828.09929976965,0,146.432730717815,0,611.672840539805,0,0.001
7,14,1,0.769941024904354,0.106474579183651,1.41539785911589e-09,0.00101393793982078,0.101231781195417,0.769972556933393,0.106545156758988,611.672745610344,0,146.43261253559,0,611.673195230394,0,0.001
8,14,1,0.00106286780660464,0.101595887154133,0.991667827156466,0.00101438230589049,0.101206056904777,0.769834630410441,0.106482548645325,146.405718544064,0,146.432874005845,0,611.672736164262,0,0.001
9,14,1,0.769870635132426,0.106469876377288,1.85555702881399e-06,0.00101378375250308,0.101223983809533,0.769871597564688,0.106494244218159,611.671520523709,0,146.432593447813,0,611.672765941042,0,0.001
10,14,1,0.769813046459176,0.106468974307235,5.74884422808663e-18,854.849592998196,0.082065359970739,0.770001338125178,0.106488295249189,611.672734623717,0,560.038298229607,0,611.672801651191,0,0.001
11,14,1,0.00610284072651587,1.4119705533139e-27,3.28007643573874e-05,0.00101482631890471,0.101227484447137,0.769376242937011,0.106495759897768,1828.09934184801,0,146.433380117204,0,611.673222455547,0,0.001
12,14,1,0.767020538512133,0.10644632497626,0.000571083940844219,0.00101358160781004,0.101173734081423,0.770177645722431,0.10644500939962,611.300552429489,0,146.432762783931,0,611.672989940313,0,0.001
13,14,1,0.00610320113382911,8.67602895804263e-51,1.23151104120677e-05,0.00101397342063381,0.101214388521454,0.769843662996275,0.106467913215395,1828.09931819696,0,146.43259939946,0,611.672731857088,0,0.001
14,14,1,0.00609988752592066,3.16850854911246e-30,5.71061633771951e-06,10548.0777089069,0.0820048034360938,0.769760407000104,0.106488653149323,1828.09929837881,0,560.036311776718,0,611.672761589033,0,0.001
15,14,1,0.769851636440415,0.106464970557523,5.9952835544705e-08,8.59503371260293e-23,3.87001094030303e-17,0.769844474119544,0.106503210581522,611.67269561156,0,1848.47859553313,0,611.672799259327,0,0.001
16,14,1,0.00610556858313027,4.08389923753178e-11,1.79954728613141e-05,0.00101432727359199,0.101196089970612,0.771062310818735,0.106305478832896,1828.09934410094,0,146.432876382567,0,611.67726963412,0,0.001
17,14,1,0.0061002228914782,1.79367693224728e-19,7.84846045243267e-06,0.00101365692651877,0.10122951779821,0.769808967351114,0.106517366605783,1828.09930121211,0,146.432640855165,0,611.672880495724,0,0.001
18,14,1,0.769827210588101,0.106467782818625,6.27673315441175e-06,3495.17156142479,0.0819782625844574,0.769731549170164,0.106478470035726,611.668635415236,0,560.036780415713,0,611.672760824164,0,0.001
19,14,1,0.769866479323421,0.106476406238479,7.8712459729212e-06,1905.99287487648,0.0820276721107971,0.770150236115121,0.106459826082314,611.667599883068,0,560.036817402317,0,611.672920974159,0,0.001
20,14,1,0.769856924441331,0.106483308999772,5.78718802606257e-92,30116.5537757643,0.0819950808698524,0.769738446883973,0.106488813646168,611.672737338911,0,560.036194677317,0,611.672770575611,0,0.001
1,15,1,0.00662980867474314,5.05204342676228e-16,8.48851682800905e-07,31080.8517240263,0.0809050644284332,0.746840810856696,0.102850940698468,1767.76969131574,0,584.896214441255,0,633.382465658185,0,0.001
2,15,1,0.746993583273739,0.102868183601144,9.85663601648643e-07,0.00103358374468489,0.101692396615777,0.746869253697153,0.102839703899664,633.381752503874,0,138.332894927089,0,633.382508496744,0,0.001
3,15,1,0.00662667359734496,1.43841986269358e-15,7.17854042472744e-07,1539.35122500809,0.0808965209471986,0.746760574673035,0.102862750739557,1767.76969906604,0,584.897185001543,0,633.382482626876,0,0.001
4,15,1,0.746873860623503,0.102875697652258,1.85734504401475e-06,3.07684356047167e-06,5.04719303460379e-07,0.0220154443356091,0.0148204344038011,633.38117565434,0,1786.56073598887,0,1765.17732909796,0,0.001
5,15,1,0.0965222138884263,0.0809113684190883,3.34500730188202,1.64296462968899e-25,1.49325068174436e-19,0.746503673301927,0.102872127813291,584.896265730749,10,1792.78429754041,0,633.382824495969,0,0.001
6,15,1,0.746976790329759,0.102869673804126,4.90515498659585e-06,1637.29221692133,0.0809704466227095,0.746668870051778,0.102890591332487,633.379161134552,0,584.897616633683,0,633.382571606813,0,0.001
7,15,1,0.746905353271932,0.102871417693648,2.27131855963893e-136,0.00103398840213632,0.1017215711797,0.746967462909433,0.102842432992,633.38239883254,0,138.33313107039,0,633.382471732774,0,0.001
8,15,1,0.00662420957616852,1.01986663151962e-18,1.88408249507021e-06,5741.21058195179,0.0809300512393369,0.74686488041773,0.102902227356809,1767.76973206361,0,584.896378995799,0,633.382479979787,0,0.001
9,15,1,0.00672302160941857,8.71670921098175e-05,3.79933477747127e-05,5629.69876826597,0.0808960335661809,0.747164769258926,0.102861254811608,1767.76321359197,0,584.896560027755,0,633.382510709055,0,0.001
10,15,1,0.00662856722443644,2.68980485336431e-16,5.48354427929879e-08,1.46780395464617e-22,5.37337793959671e-17,0.747000082635146,0.102906473096116,1767.76968249236,0,1792.78429754041,0,633.382517136165,0,0.001
11,15,1,0.746873975827648,0.102880213605042,6.12251588121553e-54,3.09493490623035e-06,9.86567340147998e-08,0.747300809335451,0.102876904360849,633.382409543639,0,1786.55853341977,0,633.382698945459,0,0.001
12,15,1,0.746929217323436,0.10289190556146,1.29542283557548e-12,13970.6170382356,0.0809020976904952,0.747078702033156,0.102897471447249,633.382430287291,0,584.896414606371,0,633.38251078996,0,0.001
13,15,1,0.00663326765269071,7.01729632214357e-15,1.93810280839927e-06,0.00103415200888816,0.101681660108656,0.746817015288631,0.102858017802738,1767.7697121753,0,138.333390578928,0,633.382454174166,0,0.001
14,15,1,0.00665853611276108,3.12405756803878e-05,2.89973253944773e-05,128068.660822656,0.080910550381636,0.747076027356319,0.102885592723235,1767.76758699152,0,584.896312138105,0,633.3824615461,0,0.001
15,15,1,0.746890991184048,0.10287376528839,1.2541055353744e-09,4541.62533577737,0.0809228407543022,0.747066215264818,0.102881773782999,633.382400501172,0,584.896556040012,0,633.382445423591,0,0.001
16,15,1,0.746680078085582,0.102870963732231,7.41493766287208e-05,3.07522796591916e-06,3.41460068697994e-08,0.747096801671106,0.10290163453757,633.333399129262,0,1786.5587608041,0,633.382547516472,0,0.001
17,15,1,0.00663414883836475,2.96381066706734e-14,1.28699636781781e-06,82.907442759805,0.0809387813447538,0.747304331911307,0.102889578027566,1767.76970713291,0,584.909127309263,0,633.382748304135,0,0.001
18,15,1,0.00662777655088867,1.86309884923593e-20,2.40931196180739e-07,2.8252468534592e-26,2.69551842878761e-19,0.746654829291981,0.10287590594455,1767.76968757078,0,1792.78429754041,0,633.382575883582,0,0.001
19,15,1,0.746729718965233,0.102904108277287,1.93379189153011e-10,0.00103345553168109,0.101710363934681,0.747167885448426,0.102932614228139,633.382558987841,0,138.33291073829,0,633.382892020457,0,0.001
20,15,1,0.746872705579801,0.102861774129919,1.70644864424518e-05,16340.0773415074,0.0809185614797544,0.746704696387507,0.102873945323387,633.37112300881,0,584.896302823866,0,633.382519062199,0,0.001
1,16,1,0.00108048395490847,0.0977017668676845,0.981419398517801,1031.30012465345,0.0764530396856783,0.75483897679979,0.0964270108973093,144.97669114149,0,601.663656032425,0,660.104209301345,0,0.001
2,16,1,0.00761295568647242,2.31747377241308e-24,1.109979660241e-06,2509.81867587509,0.0763750474727449,0.754787391258649,0.0964760638697034,1873.9908460825,0,601.661105506058,0,660.104380835171,0,0.001
3,16,1,0.0076086569656346,1.01963729852432e-15,3.9576433702698e-07,0.000972206445447079,0.0968603378170759,0.0314747079354274,0.0232179082625715,1873.99082442052,0,145.119428250127,0,1867.80742450526,0,0.001
4,16,1,0.00760989052475564,4.14306275876657e-55,1.41162078925179e-06,3.99177192694596e-06,1.26452478095647e-07,0.754614058114925,0.0964594984458388,1873.99084030122,0,1898.00129091714,0,660.104299196011,0,0.001
5,16,1,0.753461806355939,0.096433936817187,0.000271387358504524,5943.83714252467,0.0763904018019757,0.754772447164648,0.09646035451077,659.913305106288,0,601.660732872666,0,660.104263761185,0,0.001
6,16,1,0.0076125443888819,5.25089520560516e-35,4.05458293211486e-08,3.97482423358786e-06,2.33317128778721e-09,0.754991588641342,0.0964441766449589,1873.990826921,0,1898.00030379519,0,660.104320906168,0,0.001
7,16,1,0.00760902747790025,4.15957556817362e-15,2.23113031292953e-07,0.00097229845571498,0.0968873391801986,0.754666066196334,0.0964513544055716,1873.9908214982,0,145.119294613892,0,660.104240799949,0,0.001
8,16,1,0.754802382336978,0.0964430932647024,4.32775679656474e-07,60690.7252711201,0.0763847114919979,0.754966519769212,0.0964155253338295,660.103899860187,0,601.660969775952,0,660.104306775292,0,0.001
9,16,1,0.00760711935663093,3.89413975410118e-66,6.91137006953882e-08,0.00097212735553324,0.0968757380414797,0.754783071470569,0.0964166736908582,1873.99082267146,0,145.119359437925,0,660.104230781792,0,0.001
10,16,1,0.00761036565878401,1.34499319206183e-08,8.41313817416496e-09,33558.2319725203,0.0763723617280531,0.754667317541212,0.0964551981517704,1873.99081759555,0,601.660740803858,0,660.104253936183,0,0.001
11,16,1,0.00761303607876038,2.43443791885149e-09,2.78291120471905e-07,0.000972178629760258,0.0969104061900272,0.754523358214066,0.0964885186513064,1873.99083310469,0,145.119355613782,0,660.104590977731,0,0.001
12,16,1,0.00760497296129159,6.71104730849778e-08,2.84253077250454e-06,3.97996223972946e-06,3.41969829195697e-07,0.755184282005663,0.0964544139783802,1873.99086907608,0,1898.00199724011,0,660.104653298081,0,0.001
13,16,1,0.00760719660270467,1.01805725716116e-10,1.30478200902288e-07,0.000972688773494246,0.0968877697959415,0.754666142186963,0.09641699361995,1873.99082335143,0,145.119429285332,0,660.104262926213,0,0.001
14,16,1,0.753298519309415,0.0964292093645106,0.000281752032379154,3.97517549544065e-06,9.40873659435203e-07,0.754860668101503,0.0964579393080186,659.906046128405,0,1898.00481227221,0,660.104277373304,0,0.001
15,16,1,0.00108040173015847,0.0976937990255815,0.981405760002184,0.000972325008377059,0.096872944040903,0.754996342019591,0.096391300653792,144.976695314536,0,145.119346119182,0,660.104479226896,0,0.001
16,16,1,0.754580552396644,0.0964137966176221,1.86263201543248e-11,3.91129099869029e-06,3.61617595568353e-05,0.754708174747665,0.0964806129056925,660.104342991947,0,1898.18041944045,0,660.104417835695,0,0.001
17,16,1,0.754264457493415,0.0964330649666056,7.9692629528667e-05,0.00097259295337681,0.0968771409379354,0.754751984916891,0.0964113852542852,660.04814976031,0,145.119416358034,0,660.104258593019,0,0.001
18,16,1,0.00107964166083938,0.0976998137303902,0.981531780435088,7.06215745867929,0.0763708445901657,0.754573105973543,0.096426436557669,144.976700935796,0,601.811655017925,0,660.104298237712,0,0.001
19,16,1,0.00760801778577303,1.63411147095724e-16,2.22263351328039e-08,0.000972118215976135,0.0968872189408392,0.754730059603678,0.0964579076018992,1873.99081956244,0,145.119338749772,0,660.104250753893,0,0.001
20,16,1,0.754754797672931,0.0964288133724334,4.9562468878718e-06,0.000972288842539052,0.0968594906010711,0.754777378603314,0.0964060930573489,660.100710186346,0,145.119435069514,0,660.104285910146,0,0.001
